{
    "discriminator_params":{
        "seq_len":10,
        "num_classes":2,
        "vocab_size":4797,
        "dis_emb_dim":64,
        "filter_sizes":[1,2,3,4,5,6,7,8,9,10],
        "num_filters":[100,200,200,200,200,100,100,100,100,100],
        "start_token":0,
        "goal_out_size":null,
        "step_size":5,
        "dropout_prob":0.8,
        "l2_reg_lambda":0.2
    },
    "generator_params":{
        "manager_params":{
            "batch_size":64,
            "hidden_dim":32,
            "goal_out_size":null
        },
        "worker_params":{
            "batch_size":64,
            "vocab_size":4797,
            "embed_dim":32,
            "hidden_dim":32,
            "goal_out_size":null,
            "goal_size":16
        },
        "step_size":5
    }
}
